,/ang_vel,/position
0,-2.98,
1,0.24,
2,-1.41,
3,-2.83,
4,-0.86,
5,-0.43,
6,-0.26,
7,-0.09,
8,-4.34,
9,-3.77,
10,-4.79,
11,-5.93,
12,-6.3,
13,-5.89,
14,-6.58,
15,-5.21,
16,-6.09,
17,-5.54,
18,-5.62,
19,-5.57,
20,-5.67,
21,-5.22,
22,-5.39,
23,-5.25,
24,-5.64,
25,-5.37,
26,-5.18,
27,-5.28,
28,-5.34,
29,-5.48,
30,-5.37,
31,-5.21,
32,-5.39,
33,-5.39,
34,-5.57,
35,-5.66,
36,-5.8,
37,-5.66,
38,-5.66,
39,-5.87,
40,-6.13,
41,-6.01,
42,-6.3,
43,-6.3,
44,-6.71,
45,-6.67,
46,-4.63,
47,-2.73,
48,-1.2,
49,0.15,
50,0.2,
51,1.63,
52,1.58,
53,1.67,
54,-0.66,
55,0.15,
56,1.08,
57,1.64,
58,1.63,
59,1.93,
60,1.63,
61,-0.06,
62,0.44,
63,0.92,
64,-0.23,
65,-0.15,
66,-1.63,
67,-2.13,
68,-1.05,
69,-1.02,
70,-0.61,
71,-1.56,
72,-1.34,
73,0.38,
74,-0.6,
75,-2.21,
76,-3.16,
77,-4.21,
78,-4.63,
79,-2.09,
80,-2.91,
81,-4.86,
82,-5.74,
83,-6.53,
84,-6.37,
85,-2.98,
86,-2.91,
87,-2.75,
88,-2.17,
89,-1.79,
90,-1.78,
91,-1.44,
92,-1.08,
93,-0.57,
94,-1.51,
95,-0.89,
96,-0.32,
97,-0.98,
98,-0.22,
99,-1.16,
100,-1.46,
101,-1.2,
102,-0.11,
103,0.44,
104,0.66,
105,0.76,
106,2.69,
107,1.87,
108,1.48,
109,2.04,
110,1.63,
111,3.14,
112,2.98,
113,1.25,
114,1.18,
115,1.38,
116,1.01,
117,0.27,
118,-0.46,
119,0.05,
120,-1.7,
121,-3.15,
122,-3.4,
123,-4.0,
124,-5.37,
125,-3.92,
126,-4.31,
127,-4.08,
128,-2.95,
129,-2.94,
130,-2.92,
131,-3.24,
132,-3.08,
133,-2.18,
134,-2.1,
135,-1.82,
136,-2.13,
137,-1.96,
138,-1.29,
139,-1.12,
140,-1.08,
141,-0.83,
142,-0.79,
143,-0.36,
144,-0.11,
145,0.0,
146,0.39,
147,0.43,
148,0.75,
149,0.96,
150,1.44,
151,1.57,
152,1.77,
153,2.22,
154,2.31,
155,2.57,
156,3.02,
157,-1.11,
158,-3.51,
159,-4.9,
160,-7.79,
161,-16.82,
162,-22.6,
163,-23.01,
164,-18.28,
165,-22.53,
166,-22.56,
167,-28.7,
168,-30.68,
169,-30.79,
170,-34.82,
171,-40.5,
172,-31.4,
173,-34.57,
174,-34.14,
175,-32.02,
176,-29.53,
177,-21.92,
178,-11.98,
179,-3.88,
180,-10.08,
181,-4.31,
182,6.73,
183,12.92,
184,13.97,
185,11.98,
186,12.51,
187,13.6,
188,18.4,
189,24.41,
190,27.52,
191,28.1,
192,29.18,
193,26.76,
194,25.69,
195,25.8,
196,25.76,
197,24.32,
198,26.18,
199,20.45,
200,9.19,
201,2.71,
202,11.27,
203,0.83,
204,-6.48,
205,-2.06,
206,-1.02,
207,-7.82,
208,-6.72,
209,-4.45,
210,-4.62,
211,-7.36,
212,1.51,
213,-2.34,
214,-3.11,
215,0.63,
216,0.59,
217,-3.02,
218,-1.17,
219,-1.47,
220,-3.55,
221,-2.81,
222,-1.58,
223,-4.66,
224,-3.56,
225,-1.05,
226,-3.07,
227,-2.47,
228,-0.92,
229,-1.23,
230,0.89,
231,0.69,
232,-0.6,
233,-1.52,
234,-1.09,
235,-4.24,
236,-4.41,
237,-2.69,
238,-2.15,
239,0.11,
240,3.23,
241,3.37,
242,4.6,
243,6.48,
244,7.85,
245,8.21,
246,8.65,
247,8.43,
248,9.85,
249,12.08,
250,11.76,
251,11.46,
252,11.15,
253,11.1,
254,10.26,
255,11.1,
256,11.22,
257,11.89,
258,12.8,
259,8.53,
260,-3.21,
261,-4.74,
262,-5.61,
263,-8.16,
264,-5.99,
265,-5.03,
266,-6.98,
267,-4.44,
268,-8.71,
269,-10.89,
270,-7.11,
271,-6.31,
272,-7.53,
273,-5.11,
274,-9.45,
275,-7.08,
276,-6.7,
277,-6.97,
278,-8.9,
279,-8.12,
280,-12.76,
281,-8.9,
282,-10.4,
283,-6.73,
284,-6.43,
285,-6.32,
286,-6.21,
287,-5.5,
288,-4.75,
289,-5.02,
290,-5.54,
291,-6.95,
292,-3.77,
293,-1.68,
294,-4.38,
295,-5.37,
296,-5.82,
297,-1.8,
298,-3.63,
299,-7.6,
300,-7.17,
301,-5.31,
302,-6.24,
303,-7.98,
304,-6.99,
305,-3.4,
306,-2.35,
307,-5.68,
308,-7.67,
309,-9.56,
310,-15.65,
311,-14.85,
312,-14.02,
313,-18.64,
314,-16.34,
315,-19.26,
316,-25.26,
317,-19.78,
318,-23.89,
319,-22.82,
320,-21.77,
321,-26.63,
322,-22.46,
323,-20.5,
324,-19.62,
325,-21.33,
326,-16.97,
327,-18.7,
328,-17.64,
329,-16.08,
330,-14.63,
331,-17.18,
332,-14.63,
333,-15.4,
334,-15.34,
335,-14.08,
336,-10.99,
337,-9.43,
338,-5.82,
339,0.98,
340,11.53,
341,17.95,
342,13.31,
343,13.87,
344,18.75,
345,13.94,
346,9.05,
347,11.84,
348,11.32,
349,7.15,
350,9.63,
351,10.04,
352,8.8,
353,7.21,
354,7.49,
355,7.23,
356,7.07,
357,6.08,
358,5.06,
359,5.34,
360,5.44,
361,5.32,
362,4.89,
363,4.0,
364,4.14,
365,4.11,
366,3.84,
367,3.92,
368,3.15,
369,3.35,
370,2.92,
371,-2.18,
372,-8.77,
373,-6.7,
374,-11.32,
375,-23.86,
376,-19.94,
377,-8.69,
378,-14.47,
379,-13.56,
380,-7.94,
381,-9.66,
382,-10.02,
383,-7.85,
384,-9.69,
385,-7.27,
386,-6.94,
387,-6.73,
388,-3.0,
389,-2.92,
390,-2.8,
391,-3.02,
392,-2.46,
393,-3.21,
394,-3.66,
395,-5.23,
396,-4.89,
397,-5.41,
398,-5.34,
399,-5.68,
400,-6.75,
401,-7.58,
402,-7.5,
403,-6.21,
404,-1.95,
405,-2.37,
406,-2.55,
407,-0.68,
408,5.52,
409,5.69,
410,0.95,
411,-4.18,
412,-3.61,
413,-1.44,
414,3.81,
415,7.05,
416,6.66,
417,5.39,
418,4.41,
419,0.37,
420,1.89,
421,1.18,
422,1.5,
423,0.07,
424,1.55,
425,0.31,
426,2.47,
427,1.44,
428,0.73,
429,1.11,
430,2.47,
431,2.17,
432,2.64,
433,2.04,
434,3.05,
435,0.83,
436,-0.89,
437,1.09,
438,1.09,
439,0.31,
440,2.09,
441,3.35,
442,2.84,
443,2.44,
444,1.05,
445,1.98,
446,2.19,
447,3.88,
448,0.58,
449,1.73,
450,1.57,
451,3.75,
452,3.86,
453,3.28,
454,3.98,
455,3.21,
456,2.85,
457,2.42,
458,1.16,
459,-0.97,
460,-1.08,
461,-3.82,
462,-5.05,
463,-6.2,
464,-7.94,
465,-10.35,
466,-10.75,
467,-11.23,
468,-10.53,
469,-9.41,
470,-11.77,
471,-16.16,
472,-16.6,
473,-18.15,
474,-16.79,
475,-14.5,
476,-18.2,
477,-11.96,
478,1.05,
479,-1.73,
480,-4.22,
481,5.56,
482,13.88,
483,4.87,
484,1.85,
485,-2.39,
486,3.66,
487,-1.36,
488,4.24,
489,8.86,
490,17.42,
491,18.37,
492,15.39,
493,15.43,
494,13.04,
495,11.75,
496,7.73,
497,8.95,
498,10.29,
499,7.99,
500,11.98,
501,15.47,
502,17.37,
503,17.32,
504,20.12,
505,18.41,
506,19.11,
507,18.96,
508,20.8,
509,19.88,
510,18.55,
511,-0.77,
512,-9.91,
513,-8.4,
514,-13.38,
515,-21.59,
516,-21.79,
517,-21.33,
518,-19.37,
519,-18.6,
520,-9.44,
521,-3.78,
522,-7.87,
523,-5.51,
524,1.79,
525,2.92,
526,-1.33,
527,2.56,
528,3.04,
529,-1.9,
530,-2.31,
531,2.62,
532,-5.63,
533,-7.71,
534,-7.73,
535,-5.61,
536,-6.93,
537,4.0,
538,6.72,
539,3.52,
540,11.6,
541,18.4,
542,12.94,
543,12.63,
544,19.58,
545,17.95,
546,9.77,
547,0.83,
548,-0.39,
549,-3.45,
550,-9.23,
551,-2.53,
552,5.31,
553,3.21,
554,1.53,
555,4.38,
556,6.74,
557,6.37,
558,6.15,
559,8.0,
560,5.77,
561,5.67,
562,5.67,
563,3.98,
564,4.19,
565,3.61,
566,1.62,
567,1.48,
568,3.47,
569,3.11,
570,-0.56,
571,-3.3,
572,-3.22,
573,-4.05,
574,-6.5,
575,-7.92,
576,-9.41,
577,-13.09,
578,-20.3,
579,-15.58,
580,-18.48,
581,-22.5,
582,-17.02,
583,-22.38,
584,-20.54,
585,-16.82,
586,-20.12,
587,-22.09,
588,-27.82,
589,-19.6,
590,-16.79,
591,-17.05,
592,-20.84,
593,-22.57,
594,-28.62,
595,-24.11,
596,-24.18,
597,-23.77,
598,-25.89,
599,-24.89,
600,-24.73,
601,-19.96,
602,-16.0,
603,-16.95,
604,-12.91,
605,-11.35,
606,-11.77,
607,-9.24,
608,-5.18,
609,-4.52,
610,-3.39,
611,0.57,
612,2.61,
613,0.73,
614,5.0,
615,6.01,
616,5.31,
617,9.33,
618,10.5,
619,9.71,
620,13.22,
621,14.81,
622,11.09,
623,6.58,
624,-0.45,
625,-1.95,
626,-0.73,
627,-4.34,
628,2.72,
629,-6.79,
630,-8.47,
631,-10.2,
632,-9.52,
633,-4.79,
634,-6.02,
635,-5.91,
636,-0.6,
637,-10.76,
638,-14.98,
639,-9.08,
640,-11.65,
641,-15.52,
642,-14.15,
643,-15.36,
644,-17.18,
645,-11.44,
646,-19.85,
647,-18.45,
648,-25.05,
649,-24.17,
650,-21.27,
651,-24.27,
652,-24.75,
653,-22.79,
654,-23.74,
655,-13.99,
656,-5.69,
657,-0.56,
658,-1.44,
659,6.04,
660,8.29,
661,8.28,
662,14.89,
663,15.02,
664,10.33,
665,-0.17,
666,-5.74,
667,2.94,
668,-4.19,
669,-18.1,
670,-16.18,
671,-7.06,
672,-11.11,
673,-7.44,
674,0.75,
675,-1.67,
676,0.37,
677,5.85,
678,6.23,
679,6.55,
680,12.16,
681,10.76,
682,-1.26,
683,-6.85,
684,-4.67,
685,-23.13,
686,-17.53,
687,-11.84,
688,-10.37,
689,-17.15,
690,-9.56,
691,-13.15,
692,-16.59,
693,-18.44,
694,-14.36,
695,-16.51,
696,-17.15,
697,-14.63,
698,-12.1,
699,-7.13,
700,-10.28,
701,-11.02,
702,-6.4,
703,-10.99,
704,-9.35,
705,-6.4,
706,-4.98,
707,-3.04,
708,0.61,
709,-2.92,
710,-1.73,
711,-0.05,
712,3.44,
713,6.31,
714,9.06,
715,12.11,
716,13.06,
717,10.85,
718,16.32,
719,18.66,
720,19.96,
721,22.66,
722,20.95,
723,22.56,
724,25.92,
725,27.91,
726,30.4,
727,28.12,
728,26.05,
729,24.87,
730,20.05,
731,23.4,
732,21.7,
733,26.93,
734,20.4,
735,19.53,
736,20.1,
737,20.55,
738,16.83,
739,7.41,
740,3.97,
741,1.34,
742,-11.15,
743,-19.85,
744,-24.2,
745,-20.44,
746,-22.5,
747,-18.02,
748,-14.82,
749,-6.21,
750,-9.08,
751,-7.15,
752,-7.89,
753,-7.72,
754,-10.97,
755,-9.89,
756,-13.23,
757,-15.63,
758,-17.05,
759,-20.06,
760,-22.86,
761,-22.46,
762,-27.47,
763,-28.85,
764,-19.38,
765,-1.81,
766,14.41,
767,9.49,
768,12.82,
769,21.64,
770,12.09,
771,11.13,
772,16.0,
773,18.27,
774,18.13,
775,14.55,
776,11.18,
777,12.71,
778,16.87,
779,24.76,
780,27.67,
781,32.65,
782,35.44,
783,31.47,
784,33.81,
785,29.89,
786,21.22,
787,25.05,
788,12.31,
789,-1.7,
790,9.03,
791,4.0,
792,0.03,
793,3.11,
794,-6.21,
795,-5.0,
796,-9.76,
797,-11.85,
798,-9.26,
799,-11.88,
800,-11.95,
801,-10.27,
802,-9.23,
803,-7.92,
804,-10.18,
805,-8.7,
806,-8.55,
807,-6.05,
808,-2.64,
809,-3.56,
810,-1.6,
811,-0.96,
812,-0.25,
813,-0.05,
814,-2.17,
815,-2.63,
816,-2.61,
817,-3.15,
818,-3.85,
819,-3.6,
820,-5.05,
821,-4.39,
822,-4.33,
823,-8.11,
824,-8.12,
825,-13.47,
826,-12.11,
827,-10.91,
828,-14.04,
829,-14.11,
830,-15.36,
831,-13.16,
832,-13.3,
833,-14.99,
834,-12.93,
835,-10.92,
836,-11.05,
837,-13.74,
838,-16.42,
839,-13.22,
840,-12.26,
841,-10.98,
842,-12.44,
843,-11.92,
844,-7.5,
845,-7.85,
846,-8.77,
847,-10.42,
848,-8.6,
849,-6.04,
850,-7.92,
851,-6.32,
852,-3.59,
853,-1.96,
854,-1.55,
855,-1.31,
856,-0.18,
857,0.27,
858,3.14,
859,3.6,
860,0.47,
861,0.44,
862,2.23,
863,3.85,
864,2.69,
865,0.97,
866,2.31,
867,1.45,
868,-1.25,
869,1.23,
870,-0.86,
871,-1.84,
872,-0.86,
873,-2.08,
874,-2.43,
875,-2.38,
876,-8.43,
877,-5.97,
878,-6.01,
879,-8.77,
880,-9.52,
881,-12.23,
882,-11.11,
883,-12.33,
884,-18.74,
885,-17.92,
886,-20.25,
887,-18.63,
888,-16.69,
889,-21.05,
890,-24.26,
891,-28.5,
892,-27.73,
893,-26.88,
894,-26.18,
895,-26.37,
896,-27.46,
897,-28.33,
898,-27.96,
899,-28.03,
900,-23.6,
901,-15.76,
902,-11.4,
903,-11.44,
904,-3.18,
905,0.0,
906,4.97,
907,13.87,
908,18.05,
909,17.85,
910,9.34,
911,8.56,
912,6.79,
913,4.62,
914,2.84,
915,4.26,
916,1.36,
917,0.67,
918,0.28,
919,-1.09,
920,-2.93,
921,-2.79,
922,-3.02,
923,-1.82,
924,3.21,
925,5.24,
926,0.9,
927,3.44,
928,7.48,
929,6.59,
930,4.81,
931,5.4,
932,2.99,
933,0.18,
934,0.54,
935,5.1,
936,-0.02,
937,-0.21,
938,3.31,
939,2.03,
940,6.93,
941,7.11,
942,5.82,
943,6.63,
944,5.82,
945,2.02,
946,4.28,
947,2.95,
948,1.98,
949,-2.11,
950,0.58,
951,-0.08,
952,2.27,
953,0.08,
954,-1.5,
955,-1.8,
956,-0.29,
957,-2.24,
958,-1.99,
959,-1.34,
960,1.44,
961,2.91,
962,1.92,
963,0.66,
964,2.14,
965,2.4,
966,2.03,
967,-1.57,
968,-0.34,
969,-0.19,
970,0.52,
971,-2.45,
972,-2.47,
973,-3.6,
974,-4.42,
975,-4.84,
976,-3.04,
977,-4.73,
978,-3.8,
979,-4.74,
980,-3.12,
981,-3.88,
982,-4.54,
983,-4.02,
984,-3.63,
985,-5.65,
986,-3.44,
987,-4.6,
988,-3.81,
989,-1.05,
990,-3.01,
991,-3.58,
992,-3.63,
993,-4.02,
994,-2.73,
995,-2.47,
996,-2.45,
997,0.79,
998,-0.24,
999,0.4,
1000,0.1,
1001,-1.47,
1002,-0.18,
1003,1.75,
1004,-1.16,
1005,-2.68,
1006,0.97,
1007,1.69,
1008,2.34,
1009,2.96,
1010,2.87,
1011,3.51,
1012,6.5,
1013,5.75,
1014,5.84,
1015,3.96,
1016,4.56,
1017,4.56,
1018,3.99,
1019,3.88,
1020,4.98,
1021,2.66,
1022,4.65,
1023,6.37,
1024,7.36,
1025,6.08,
1026,6.53,
1027,5.26,
1028,-0.53,
1029,-3.04,
1030,-2.9,
1031,-3.93,
1032,-5.97,
1033,-8.7,
1034,-7.36,
1035,-8.14,
1036,-8.41,
1037,-8.02,
1038,-8.11,
1039,-6.89,
1040,-6.36,
1041,-6.78,
1042,-6.08,
1043,-5.96,
1044,-5.76,
1045,-5.27,
1046,-5.14,
1047,-4.48,
1048,-4.34,
1049,-3.83,
1050,-3.76,
1051,-3.53,
1052,-3.11,
1053,-2.9,
1054,-2.79,
1055,-2.15,
1056,-2.08,
1057,-1.89,
1058,-1.39,
1059,-1.17,
1060,-0.95,
1061,-0.37,
1062,-0.36,
1063,-0.07,
1064,0.29,
1065,0.51,
1066,0.94,
1067,0.92,
1068,0.93,
1069,0.96,
1070,0.24,
1071,-0.08,
1072,-0.55,
1073,-1.47,
1074,-2.11,
1075,-2.69,
1076,-3.53,
1077,-3.73,
1078,-9.7,
1079,-9.23,
1080,-4.5,
1081,-10.93,
1082,-12.66,
1083,-7.12,
1084,-9.85,
1085,-10.69,
1086,-5.44,
1087,-8.63,
1088,-8.46,
1089,-6.56,
1090,-9.66,
1091,-8.67,
1092,-9.53,
1093,-9.85,
1094,-9.41,
1095,-10.05,
1096,-9.77,
1097,-10.13,
1098,-10.39,
1099,-10.4,
1100,-10.68,
1101,-10.94,
1102,-10.98,
1103,-11.53,
1104,-9.47,
1105,-4.47,
1106,-0.47,
1107,,0.0
1108,,0.0
1109,,0.0
1110,,0.0
1111,,0.0
1112,,0.00045553093477052005
1113,,0.00148047553800419
1114,,0.00307483380970101
1115,,0.005010840282475721
1116,,0.007288494956328321
1117,,0.009680032363873551
1118,,0.011957687037726152
1119,,0.014463107178964011
1120,,0.016854644586509242
1121,,0.01913229926036184
1122,,0.02129607120052181
1123,,0.023459843140681783
1124,,0.025395849613456492
1125,,0.026990207885153314
1126,,0.028242917955772242
1127,,0.029153979825313283
1128,,0.02972339349377643
1129,,0.02972339349377643
1130,,0.029495628026391173
1131,,0.028812331624235396
1132,,0.027901269754694355
1133,,0.026990207885153314
1134,,0.025851380548227013
1135,,0.024370905010222824
1136,,0.022776546738526006
1137,,0.02106830573313655
1138,,0.01901841652666921
1139,,0.016854644586509242
1140,,0.014690872646349272
1141,,0.01241321797249667
1142,,0.010021680564951441
1143,,0.007744025891098841
1144,,0.005466371217246241
1145,,0.00307483380970101
1146,,0.0009110618695410401
1147,,-0.0012527100706189302
1148,,-0.0034164820107789
1149,,-0.005238605749860981
1150,,-0.006946846755250431
1151,,-0.008427322293254621
1152,,-0.00956614963018092
1153,,-0.010363328766029332
1154,,-0.010818859700799852
1155,,-0.01104662516818511
1156,,-0.011274390635570371
1157,,-0.011388273369263003
1158,,-0.011274390635570371
1159,,-0.011160507901877741
1160,,-0.010932742434492482
1161,,-0.010477211499721962
1162,,-0.010021680564951441
1163,,-0.00945226689648829
1164,,-0.008768970494332512
1165,,-0.00808567409217673
1166,,-0.007288494956328321
1167,,-0.006491315820479911
1168,,-0.0056941366846315015
1169,,-0.0048969575487830905
1170,,-0.00398589567924205
1171,,-0.0031887165433936403
1172,,-0.00239153740754523
1173,,-0.0015943582716968201
1174,,-0.0007971791358484101
1175,,0.00011388273369263001
1176,,0.0009110618695410401
1177,,0.0015943582716968201
1178,,0.0022776546738526
1179,,0.00296095107600838
1180,,0.0035303647444715302
1181,,0.0040997784129346805
1182,,0.0045553093477052
1183,,0.0048969575487830905
1184,,0.005238605749860981
1185,,0.005466371217246241
1186,,0.0055802539509388705
1187,,0.0055802539509388705
1188,,0.0055802539509388705
1189,,0.0055802539509388705
1190,,0.0055802539509388705
1191,,0.0055802539509388705
1192,,0.0055802539509388705
1193,,0.0055802539509388705
1194,,0.0055802539509388705
1195,,0.0055802539509388705
1196,,0.0055802539509388705
1197,,0.0055802539509388705
1198,,0.0055802539509388705
1199,,0.0055802539509388705
1200,,0.0055802539509388705
1201,,0.005466371217246241
1202,,0.005466371217246241
1203,,0.00535248848355361
1204,,0.005124723016168351
1205,,0.005010840282475721
1206,,0.00478307481509046
1207,,0.00466919208139783
1208,,0.00444142661401257
1209,,0.004213661146627311
1210,,0.0038720129455494206
1211,,0.0035303647444715302
1212,,0.0033025992770862704
1213,,0.00296095107600838
1214,,0.0025054201412378603
1215,,0.0022776546738526
1216,,0.0019360064727747103
1217,,0.0015943582716968201
1218,,0.0012527100706189302
1219,,0.0007971791358484101
1220,,0.00045553093477052005
1221,,0.0
1222,,-0.00056941366846315
1223,,-0.0010249446032336701
1224,,-0.00148047553800419
1225,,-0.0019360064727747103
1226,,-0.0022776546738526
1227,,-0.0027331856086231206
1228,,-0.00307483380970101
1229,,-0.0034164820107789
1230,,-0.0037581302118567905
1231,,-0.0040997784129346805
1232,,-0.00444142661401257
1233,,-0.00466919208139783
1234,,-0.0048969575487830905
1235,,-0.005124723016168351
1236,,-0.00535248848355361
1237,,-0.0055802539509388705
1238,,-0.00592190215201676
1239,,-0.006035784885709391
1240,,-0.00626355035309465
1241,,-0.006491315820479911
1242,,-0.006719081287865171
1243,,-0.0068329640215578
1244,,-0.0070607294889430605
1245,,-0.0071746122226356915
1246,,-0.007288494956328321
1247,,-0.007288494956328321
1248,,-0.007288494956328321
1249,,-0.007288494956328321
1250,,-0.007288494956328321
1251,,-0.007288494956328321
1252,,-0.007288494956328321
1253,,-0.007288494956328321
1254,,-0.007288494956328321
1255,,-0.007288494956328321
1256,,-0.007288494956328321
1257,,-0.007288494956328321
1258,,-0.007288494956328321
1259,,-0.007288494956328321
1260,,-0.007288494956328321
1261,,-0.007288494956328321
1262,,-0.007288494956328321
1263,,-0.007288494956328321
1264,,-0.007288494956328321
1265,,-0.007288494956328321
1266,,-0.007288494956328321
1267,,-0.007288494956328321
1268,,-0.007288494956328321
1269,,-0.007288494956328321
1270,,-0.007288494956328321
1271,,-0.007288494956328321
1272,,-0.007288494956328321
1273,,-0.007288494956328321
1274,,-0.007288494956328321
1275,,-0.007288494956328321
1276,,-0.007288494956328321
1277,,-0.007288494956328321
1278,,-0.007288494956328321
1279,,-0.007288494956328321
1280,,-0.007288494956328321
1281,,-0.007288494956328321
1282,,-0.007288494956328321
1283,,-0.00740237769002095
1284,,-0.00740237769002095
1285,,-0.007516260423713581
1286,,-0.00763014315740621
1287,,-0.00785790862479147
1288,,-0.00808567409217673
1289,,-0.008313439559561991
1290,,-0.008541205026947251
1291,,-0.008655087760639881
1292,,-0.008996735961717772
1293,,-0.0091106186954104
1294,,-0.00933838416279566
1295,,-0.00956614963018092
1296,,-0.009907797831258811
1297,,-0.01013556329864407
1298,,-0.010477211499721962
1299,,-0.010818859700799852
1300,,-0.01104662516818511
1301,,-0.011274390635570371
1302,,-0.011616038836648261
1303,,-0.01184380430403352
1304,,-0.012071569771418782
1305,,-0.01229933523880404
1306,,-0.0125271007061893
1307,,-0.012754866173574561
1308,,-0.012982631640959821
1309,,-0.013210397108345082
1310,,-0.013438162575730342
1311,,-0.0136659280431156
1312,,-0.013893693510500862
1313,,-0.014121458977886121
1314,,-0.014349224445271383
1315,,-0.014463107178964011
1316,,-0.014690872646349272
1317,,-0.014918638113734532
1318,,-0.015032520847427162
1319,,-0.01526028631481242
1320,,-0.015488051782197683
1321,,-0.015601934515890313
1322,,-0.01582969998327557
1323,,-0.0159435827169682
1324,,-0.01617134818435346
1325,,-0.016285230918046092
1326,,-0.016512996385431352
1327,,-0.016740761852816612
1328,,-0.016968527320201873
1329,,-0.01719629278758713
1330,,-0.017424058254972393
1331,,-0.01765182372235765
1332,,-0.017993471923435544
1333,,-0.0182212373908208
1334,,-0.01856288559189869
1335,,-0.01879065105928395
1336,,-0.01901841652666921
1337,,-0.019246181994054472
1338,,-0.019473947461439732
1339,,-0.019701712928824992
1340,,-0.019929478396210253
1341,,-0.02027112659728814
1342,,-0.020498892064673403
1343,,-0.020726657532058664
1344,,-0.020954422999443924
1345,,-0.02129607120052181
1346,,-0.02152383666790707
1347,,-0.021751602135292335
1348,,-0.02209325033637022
1349,,-0.022321015803755482
1350,,-0.022548781271140742
1351,,-0.022776546738526006
1352,,-0.023004312205911263
1353,,-0.023232077673296523
1354,,-0.023459843140681783
1355,,-0.02357372587437441
1356,,-0.02368760860806704
1357,,-0.02380149134175967
1358,,-0.024029256809144934
1359,,-0.024029256809144934
1360,,-0.024029256809144934
1361,,-0.024029256809144934
1362,,-0.024029256809144934
1363,,-0.024029256809144934
1364,,-0.024029256809144934
1365,,-0.024029256809144934
1366,,-0.024029256809144934
1367,,-0.024029256809144934
1368,,-0.024029256809144934
1369,,-0.024029256809144934
1370,,-0.024029256809144934
1371,,-0.024029256809144934
1372,,-0.024029256809144934
1373,,-0.024029256809144934
1374,,-0.024029256809144934
1375,,-0.024029256809144934
1376,,-0.024029256809144934
1377,,-0.024029256809144934
1378,,-0.024029256809144934
1379,,-0.024029256809144934
1380,,-0.024029256809144934
1381,,-0.024029256809144934
1382,,-0.024029256809144934
1383,,-0.024029256809144934
1384,,-0.024029256809144934
1385,,-0.024029256809144934
1386,,-0.024029256809144934
1387,,-0.024029256809144934
1388,,-0.024029256809144934
1389,,-0.02380149134175967
1390,,-0.02368760860806704
1391,,-0.023459843140681783
1392,,-0.023232077673296523
1393,,-0.023004312205911263
1394,,-0.022776546738526006
1395,,-0.022321015803755482
1396,,-0.02197936760267759
1397,,-0.021637719401599705
1398,,-0.02118218846682918
1399,,-0.020612774798366033
1400,,-0.020043361129902883
1401,,-0.019473947461439732
1402,,-0.01890453379297658
1403,,-0.0182212373908208
1404,,-0.017537940988665023
1405,,-0.016854644586509242
1406,,-0.0159435827169682
1407,,-0.01526028631481242
1408,,-0.014463107178964011
1409,,-0.0136659280431156
1410,,-0.01309651437465245
1411,,-0.012640983439881933
1412,,-0.01229933523880404
1413,,-0.012071569771418782
1414,,-0.011957687037726152
1415,,-0.011957687037726152
1416,,-0.012185452505111412
1417,,-0.01241321797249667
1418,,-0.012868748907267191
1419,,-0.013324279842037712
1420,,-0.014121458977886121
1421,,-0.015146403581119792
1422,,-0.016285230918046092
1423,,-0.017424058254972393
1424,,-0.01867676832559132
1425,,-0.019929478396210253
1426,,-0.02129607120052181
1427,,-0.022890429472218633
1428,,-0.02459867047760808
1429,,-0.026306911482997533
1430,,-0.028129035222079612
1431,,-0.029951158961161694
1432,,-0.03165939996655114
1433,,-0.033367640971940594
1434,,-0.034961999243637416
1435,,-0.0364424747816416
1436,,-0.03792295031964579
1437,,-0.039289543123957354
1438,,-0.04054225319457628
1439,,-0.04179496326519521
1440,,-0.04293379060212152
1441,,-0.04395873520535518
1442,,-0.0447559143412036
1443,,-0.04555309347705201
1444,,-0.046464155346593046
1445,,-0.04737521721613408
1446,,-0.04817239635198249
1447,,-0.04908345822152354
1448,,-0.04988063735737194
1449,,-0.050677816493220354
1450,,-0.0515888783627614
1451,,-0.0523860574986098
1452,,-0.05318323663445821
1453,,-0.05398041577030663
1454,,-0.0546637121724624
1455,,-0.05546089130831081
1456,,-0.0561441877104666
1457,,-0.056827484112622374
1458,,-0.05739689778108553
1459,,-0.058080194183241306
1460,,-0.058763490585397087
1461,,-0.05933290425386024
1462,,-0.06001620065601601
1463,,-0.06058561432447917
1464,,-0.06115502799294232
1465,,-0.06183832439509809
1466,,-0.06240773806356125
1467,,-0.06309103446571702
1468,,-0.06366044813418018
1469,,-0.06434374453633596
1470,,-0.0649131582047991
1471,,-0.06548257187326226
1472,,-0.06593810280803278
1473,,-0.06650751647649593
1474,,-0.06696304741126645
1475,,-0.06741857834603697
1476,,-0.06787410928080749
1477,,-0.06832964021557801
1478,,-0.06878517115034852
1479,,-0.06935458481881168
1480,,-0.07003788122096746
1481,,-0.0706072948894306
1482,,-0.07117670855789376
1483,,-0.07186000496004953
1484,,-0.07242941862851268
1485,,-0.07299883229697585
1486,,-0.07368212869913161
1487,,-0.07425154236759476
1488,,-0.07493483876975054
1489,,-0.0755042524382137
1490,,-0.07595978337298422
1491,,-0.07641531430775474
1492,,-0.07687084524252526
1493,,-0.07721249344360315
1494,,-0.07755414164468104
1495,,-0.07766802437837367
1496,,-0.0777819071120663
1497,,-0.0777819071120663
1498,,-0.07766802437837367
1499,,-0.07744025891098841
1500,,-0.07721249344360315
1501,,-0.07687084524252526
1502,,-0.07652919704144737
1503,,-0.07618754884036948
1504,,-0.07584590063929159
1505,,-0.07539036970452107
1506,,-0.07493483876975054
1507,,-0.0743654251012874
1508,,-0.07379601143282426
1509,,-0.07322659776436109
1510,,-0.07265718409589794
1511,,-0.07197388769374218
1512,,-0.07140447402527901
1513,,-0.07072117762312324
1514,,-0.07003788122096746
1515,,-0.06935458481881168
1516,,-0.06855740568296326
1517,,-0.06776022654711486
1518,,-0.06696304741126645
1519,,-0.06605198554172541
1520,,-0.06514092367218437
1521,,-0.06434374453633596
1522,,-0.06354656540048755
1523,,-0.06274938626463913
1524,,-0.06195220712879073
1525,,-0.06104114525924968
1526,,-0.06024396612340127
1527,,-0.05944678698755286
1528,,-0.058535725118011826
1529,,-0.057738545982163415
1530,,-0.056941366846315004
1531,,-0.0561441877104666
1532,,-0.05534700857461819
1533,,-0.05454982943876978
1534,,-0.05363876756922873
1535,,-0.052727705699687696
1536,,-0.051816643830146655
1537,,-0.050905581960605614
1538,,-0.04988063735737194
1539,,-0.04885569275413827
1540,,-0.04794463088459724
1541,,-0.046919686281363567
1542,,-0.046008624411822525
1543,,-0.044983679808588854
1544,,-0.04407261793904781
1545,,-0.04304767333581414
1546,,-0.04190884599888785
1547,,-0.040883901395654176
1548,,-0.039631191325035245
1549,,-0.03837848125441631
1550,,-0.03712577118379738
1551,,-0.03575917837948583
1552,,-0.03439258557517426
1553,,-0.032912110037170074
1554,,-0.03143163449916588
1555,,-0.029951158961161694
1556,,-0.028356800689464872
1557,,-0.026762442417768054
1558,,-0.025168084146071235
1559,,-0.02357372587437441
1560,,-0.02209325033637022
1561,,-0.020498892064673403
1562,,-0.01901841652666921
1563,,-0.01765182372235765
1564,,-0.01617134818435346
1565,,-0.0148047553800419
1566,,-0.013438162575730342
1567,,-0.012185452505111412
1568,,-0.01104662516818511
1569,,-0.009907797831258811
1570,,-0.008768970494332512
1571,,-0.007744025891098841
1572,,-0.0068329640215578
1573,,-0.00592190215201676
1574,,-0.005124723016168351
1575,,-0.00444142661401257
1576,,-0.0038720129455494206
1577,,-0.0035303647444715302
1578,,-0.0034164820107789
1579,,-0.0034164820107789
1580,,-0.0034164820107789
1581,,-0.0035303647444715302
1582,,-0.0035303647444715302
1583,,-0.0035303647444715302
1584,,-0.0035303647444715302
1585,,-0.0035303647444715302
1586,,-0.0036442474781641604
1587,,-0.0036442474781641604
1588,,-0.0037581302118567905
1589,,-0.0038720129455494206
1590,,-0.00398589567924205
1591,,-0.00398589567924205
1592,,-0.00398589567924205
1593,,-0.00398589567924205
1594,,-0.00398589567924205
1595,,-0.00398589567924205
1596,,-0.00398589567924205
1597,,-0.00398589567924205
1598,,-0.00398589567924205
1599,,-0.00398589567924205
1600,,-0.00398589567924205
1601,,-0.00398589567924205
1602,,-0.0038720129455494206
1603,,-0.0038720129455494206
1604,,-0.0037581302118567905
1605,,-0.0036442474781641604
1606,,-0.0034164820107789
1607,,-0.00307483380970101
1608,,-0.0027331856086231206
1609,,-0.0022776546738526
1610,,-0.0018221237390820802
1611,,-0.0013665928043115603
1612,,-0.0007971791358484101
1613,,-0.0003416482010778901
1614,,0.00022776546738526002
1615,,0.0007971791358484101
1616,,0.0012527100706189302
1617,,0.00170824100538945
1618,,0.0021637719401599704
1619,,0.0025054201412378603
1620,,0.0028470683423157507
1621,,0.0031887165433936403
1622,,0.0034164820107789
1623,,0.0036442474781641604
1624,,0.0038720129455494206
1625,,0.0040997784129346805
1626,,0.004213661146627311
1627,,0.004213661146627311
1628,,0.004213661146627311
1629,,0.004213661146627311
1630,,0.004213661146627311
1631,,0.004213661146627311
1632,,0.004213661146627311
1633,,0.004213661146627311
1634,,0.0040997784129346805
1635,,0.00398589567924205
1636,,0.0038720129455494206
1637,,0.0037581302118567905
1638,,0.0036442474781641604
1639,,0.0034164820107789
1640,,0.0031887165433936403
1641,,0.0028470683423157507
1642,,0.0025054201412378603
1643,,0.0021637719401599704
1644,,0.0018221237390820802
1645,,0.0013665928043115603
1646,,0.0009110618695410401
1647,,0.00056941366846315
1648,,0.00011388273369263001
1649,,-0.00011388273369263001
1650,,-0.00045553093477052005
1651,,-0.0009110618695410401
1652,,-0.0012527100706189302
1653,,-0.0018221237390820802
1654,,-0.0022776546738526
1655,,-0.00296095107600838
1656,,-0.0036442474781641604
1657,,-0.004213661146627311
1658,,-0.00478307481509046
1659,,-0.00535248848355361
1660,,-0.00592190215201676
1661,,-0.006491315820479911
1662,,-0.0070607294889430605
1663,,-0.00763014315740621
1664,,-0.008199556825869361
1665,,-0.008768970494332512
1666,,-0.00933838416279566
1667,,-0.009907797831258811
1668,,-0.010477211499721962
1669,,-0.011160507901877741
1670,,-0.011729921570340892
1671,,-0.01241321797249667
1672,,-0.012982631640959821
1673,,-0.0136659280431156
1674,,-0.014235341711578751
1675,,-0.014918638113734532
1676,,-0.015601934515890313
1677,,-0.016285230918046092
1678,,-0.016854644586509242
1679,,-0.01765182372235765
1680,,-0.0182212373908208
1681,,-0.01901841652666921
1682,,-0.019701712928824992
1683,,-0.02038500933098077
1684,,-0.02106830573313655
1685,,-0.021751602135292335
1686,,-0.022434898537448112
1687,,-0.023118194939603893
1688,,-0.023915374075452304
1689,,-0.02459867047760808
1690,,-0.025395849613456492
1691,,-0.026079146015612273
1692,,-0.026876325151460684
1693,,-0.027559621553616465
1694,,-0.028242917955772242
1695,,-0.029040097091620653
1696,,-0.02972339349377643
1697,,-0.030406689895932214
1698,,-0.030976103564395365
1699,,-0.03154551723285851
1700,,-0.03211493090132166
1701,,-0.032570461836092184
1702,,-0.033139875504555334
1703,,-0.033595406439325855
1704,,-0.034050937374096375
1705,,-0.03439258557517426
1706,,-0.034848116509944786
1707,,-0.0353036474447153
1708,,-0.0356452956457932
1709,,-0.03610082658056371
1710,,-0.03667024024902686
1711,,-0.03723965391749001
1712,,-0.03780906758595316
1713,,-0.038492363988108944
1714,,-0.039289543123957354
1715,,-0.04031448772719102
1716,,-0.04133943233042469
1717,,-0.042478259667351
1718,,-0.04361708700427729
1719,,-0.044869797074896224
1720,,-0.04635027261290041
1721,,-0.04760298268351934
1722,,-0.04885569275413827
1723,,-0.05022228555844983
1724,,-0.0515888783627614
1725,,-0.05306935390076559
1726,,-0.05454982943876978
1727,,-0.05603030497677396
1728,,-0.05762466324847079
1729,,-0.0592190215201676
1730,,-0.06092726252555706
1731,,-0.06252162079725387
1732,,-0.06422986180264333
1733,,-0.06593810280803278
1734,,-0.0675324610797296
1735,,-0.06912681935142642
1736,,-0.07072117762312324
1737,,-0.07231553589482007
1738,,-0.07390989416651687
1739,,-0.0755042524382137
1740,,-0.07709861070991052
1741,,-0.07869296898160734
1742,,-0.08040120998699679
1743,,-0.08199556825869361
1744,,-0.08358992653039042
1745,,-0.08507040206839461
1746,,-0.08632311213901354
1747,,-0.08757582220963249
1748,,-0.08860076681286615
1749,,-0.08962571141609982
1750,,-0.09042289055194823
1751,,-0.09099230422041138
1752,,-0.09133395242148927
1753,,-0.09156171788887453
1754,,-0.09167560062256715
1755,,-0.09190336608995242
1756,,-0.09235889702472294
1757,,-0.09281442795949346
1758,,-0.09326995889426398
1759,,-0.09383937256272713
1760,,-0.09429490349749764
1761,,-0.0948643171659608
1762,,-0.09543373083442395
1763,,-0.09588926176919448
1764,,-0.09634479270396498
1765,,-0.09668644090504287
1766,,-0.09702808910612078
1767,,-0.0974836200408913
1768,,-0.0979391509756618
1769,,-0.0982807991767397
1770,,-0.09873633011151021
1771,,-0.09919186104628075
1772,,-0.09976127471474389
1773,,-0.10033068838320704
1774,,-0.10090010205167019
1775,,-0.10146951572013334
1776,,-0.10203892938859649
1777,,-0.10260834305705964
1778,,-0.10329163945921542
1779,,-0.10386105312767857
1780,,-0.10443046679614172
1781,,-0.10488599773091224
1782,,-0.10534152866568275
1783,,-0.10568317686676065
1784,,-0.10602482506783854
1785,,-0.1062525905352238
1786,,-0.1062525905352238
1787,,-0.1062525905352238
1788,,-0.1062525905352238
1789,,-0.10613870780153117
1790,,-0.10613870780153117
1791,,-0.10613870780153117
1792,,-0.10613870780153117
1793,,-0.10613870780153117
1794,,-0.10613870780153117
1795,,-0.10602482506783854
1796,,-0.10602482506783854
1797,,-0.10602482506783854
1798,,-0.10602482506783854
1799,,-0.10591094233414591
1800,,-0.10568317686676065
1801,,-0.10545541139937539
1802,,-0.1051137631982975
1803,,-0.10465823226352698
1804,,-0.10420270132875648
1805,,-0.10374717039398593
1806,,-0.1031777567255228
1807,,-0.10260834305705964
1808,,-0.10192504665490386
1809,,-0.10124175025274808
1810,,-0.10033068838320704
1811,,-0.099419626513666
1812,,-0.09850856464412497
1813,,-0.09736973730719865
1814,,-0.09611702723657974
1815,,-0.0948643171659608
1816,,-0.09349772436164924
1817,,-0.09201724882364505
1818,,-0.0903090078182556
1819,,-0.08860076681286615
1820,,-0.0868925258074767
1821,,-0.08518428480208724
1822,,-0.0834760437966978
1823,,-0.08165392005761571
1824,,-0.07983179631853364
1825,,-0.07789578984575893
1826,,-0.07584590063929159
1827,,-0.07390989416651687
1828,,-0.07197388769374218
1829,,-0.06992399848727483
1830,,-0.06787410928080749
1831,,-0.06593810280803278
1832,,-0.0637743308678728
1833,,-0.06161055892771284
1834,,-0.05944678698755286
1835,,-0.05716913231370027
1836,,-0.05511924310723293
1837,,-0.05306935390076559
1838,,-0.051133347427990875
1839,,-0.04919734095521616
1840,,-0.04726133448244146
1841,,-0.045439210743359375
1842,,-0.04361708700427729
1843,,-0.04190884599888785
1844,,-0.040200604993498396
1845,,-0.038720129455494204
1846,,-0.03735353665118264
1847,,-0.03598694384687109
1848,,-0.034734233776252156
1849,,-0.033595406439325855
1850,,-0.03245657910239955
1851,,-0.03131775176547325
1852,,-0.030292807162239584
1853,,-0.029267862559005913
1854,,-0.028242917955772242
1855,,-0.0273318560862312
1856,,-0.026420794216690163
1857,,-0.025509732347149122
1858,,-0.02459867047760808
1859,,-0.02368760860806704
1860,,-0.02266266400483337
1861,,-0.021637719401599705
1862,,-0.020498892064673403
1863,,-0.019246181994054472
1864,,-0.017993471923435544
1865,,-0.016626879119123982
1866,,-0.01526028631481242
1867,,-0.013779810776808232
1868,,-0.01229933523880404
1869,,-0.010818859700799852
1870,,-0.00933838416279566
1871,,-0.00785790862479147
1872,,-0.006491315820479911
1873,,-0.005124723016168351
1874,,-0.0037581302118567905
1875,,-0.0022776546738526
1876,,-0.0007971791358484101
1877,,0.0007971791358484101
1878,,0.00239153740754523
1879,,0.00398589567924205
1880,,0.0056941366846315015
1881,,0.007288494956328321
1882,,0.008996735961717772
1883,,0.01059109423341459
1884,,0.01229933523880404
1885,,0.014121458977886121
1886,,0.0159435827169682
1887,,0.01765182372235765
1888,,0.019473947461439732
1889,,0.02118218846682918
1890,,0.022776546738526006
1891,,0.024370905010222824
1892,,0.025851380548227013
1893,,0.02710409061884594
1894,,0.028242917955772242
1895,,0.029267862559005913
1896,,0.030065041694854324
1897,,0.03063445536331747
1898,,0.031203869031780625
1899,,0.03177328270024377
1900,,0.03211493090132166
1901,,0.032684344569784814
1902,,0.033367640971940594
1903,,0.034164820107789005
1904,,0.035075881977330046
1905,,0.03575917837948583
1906,,0.03667024024902686
1907,,0.03746741938487527
1908,,0.03826459852072368
1909,,0.038947894922879464
1910,,0.039631191325035245
1911,,0.040200604993498396
1912,,0.04077001866196154
1913,,0.04122554959673207
1914,,0.04179496326519521
1915,,0.04225049419996574
1916,,0.04270602513473626
1917,,0.04316155606950677
1918,,0.04350320427058467
1919,,0.04395873520535518
1920,,0.044414266140125704
1921,,0.044983679808588854
1922,,0.04555309347705201
1923,,0.046236389879207786
1924,,0.046919686281363567
1925,,0.04748909994982672
1926,,0.04805851361828987
1927,,0.04862792728675301
1928,,0.04919734095521616
1929,,0.04965287188998668
1930,,0.0501084028247572
1931,,0.050677816493220354
1932,,0.051133347427990875
1933,,0.051474995629068765
1934,,0.051816643830146655
1935,,0.052044409297531916
1936,,0.052158292031224546
1937,,0.052158292031224546
1938,,0.052158292031224546
1939,,0.052044409297531916
1940,,0.051930526563839285
1941,,0.051816643830146655
1942,,0.051702761096454025
1943,,0.051474995629068765
1944,,0.051019464694298244
1945,,0.05056393375952773
1946,,0.04999452009106457
1947,,0.04942510642260142
1948,,0.04885569275413827
1949,,0.04817239635198249
1950,,0.04737521721613408
1951,,0.04635027261290041
1952,,0.04532532800966674
1953,,0.04418650067274044
1954,,0.04281990786842888
1955,,0.04145331506411733
1956,,0.040086722259805765
1957,,0.038492363988108944
1958,,0.03701188845010475
1959,,0.0353036474447153
1960,,0.033595406439325855
1961,,0.03177328270024377
1962,,0.029951158961161694
1963,,0.028129035222079612
1964,,0.0261930287493049
1965,,0.024257022276530194
1966,,0.022321015803755482
1967,,0.02038500933098077
1968,,0.018449002858206064
1969,,0.016626879119123982
1970,,0.014918638113734532
1971,,0.013210397108345082
1972,,0.011616038836648261
1973,,0.010021680564951441
1974,,0.008541205026947251
1975,,0.0071746122226356915
1976,,0.00592190215201676
1977,,0.00466919208139783
1978,,0.0036442474781641604
1979,,0.0027331856086231206
1980,,0.0021637719401599704
1981,,0.0018221237390820802
1982,,0.0013665928043115603
1983,,0.0007971791358484101
1984,,0.0003416482010778901
1985,,-0.00022776546738526002
1986,,-0.0006832964021557802
1987,,-0.0012527100706189302
1988,,-0.00170824100538945
1989,,-0.0021637719401599704
1990,,-0.0027331856086231206
1991,,-0.0031887165433936403
1992,,-0.0036442474781641604
1993,,-0.00398589567924205
1994,,-0.004327543880319941
1995,,-0.00444142661401257
1996,,-0.00466919208139783
1997,,-0.0048969575487830905
1998,,-0.005124723016168351
1999,,-0.00535248848355361
2000,,-0.005808019418324131
2001,,-0.00626355035309465
2002,,-0.006946846755250431
2003,,-0.007744025891098841
2004,,-0.008655087760639881
2005,,-0.009793915097566181
2006,,-0.01104662516818511
2007,,-0.01241321797249667
2008,,-0.0136659280431156
2009,,-0.015032520847427162
2010,,-0.016399113651738722
2011,,-0.01776570645605028
2012,,-0.019246181994054472
2013,,-0.020726657532058664
2014,,-0.022207133070062852
2015,,-0.02380149134175967
2016,,-0.025395849613456492
2017,,-0.026990207885153314
2018,,-0.028698448890542766
2019,,-0.028698448890542766
2020,,-0.030406689895932214
2021,,-0.030406689895932214
2022,,-0.03200104816762903
2023,,-0.03200104816762903
2024,,-0.033595406439325855
2025,,-0.033595406439325855
2026,,-0.035075881977330046
2027,,-0.035075881977330046
2028,,-0.0364424747816416
2029,,-0.0364424747816416
2030,,-0.03792295031964579
2031,,-0.03792295031964579
2032,,-0.039175660390264724
2033,,-0.039175660390264724
2034,,-0.040428370460883656
2035,,-0.040428370460883656
2036,,-0.04133943233042469
2037,,-0.04133943233042469
2038,,-0.0421366114662731
2039,,-0.0421366114662731
2040,,-0.04281990786842888
2041,,-0.04281990786842888
2042,,-0.04338932153689203
2043,,-0.04338932153689203
2044,,-0.04384485247166255
2045,,-0.04384485247166255
2046,,-0.04430038340643307
2047,,-0.04430038340643307
2048,,-0.04452814887381834
2049,,-0.04452814887381834
2050,,-0.044642031607510964
2051,,-0.044642031607510964
2052,,-0.044642031607510964
2053,,-0.044642031607510964
2054,,-0.044642031607510964
2055,,-0.044642031607510964
2056,,-0.044642031607510964
2057,,-0.044642031607510964
2058,,-0.044642031607510964
2059,,-0.044642031607510964
2060,,-0.044642031607510964
2061,,-0.044642031607510964
2062,,-0.044642031607510964
2063,,-0.044642031607510964
2064,,-0.044642031607510964
2065,,-0.044642031607510964
2066,,-0.044642031607510964
2067,,-0.044642031607510964
2068,,-0.04452814887381834
2069,,-0.04452814887381834
2070,,-0.04430038340643307
2071,,-0.04430038340643307
2072,,-0.04418650067274044
2073,,-0.04418650067274044
2074,,-0.04418650067274044
2075,,-0.04418650067274044
2076,,-0.04418650067274044
2077,,-0.04418650067274044
2078,,-0.04418650067274044
2079,,-0.04418650067274044
2080,,-0.04418650067274044
2081,,-0.04418650067274044
2082,,-0.04418650067274044
2083,,-0.04418650067274044
2084,,-0.04407261793904781
2085,,-0.04407261793904781
2086,,-0.04407261793904781
2087,,-0.04407261793904781
2088,,-0.04384485247166255
2089,,-0.04384485247166255
2090,,-0.04361708700427729
2091,,-0.04361708700427729
2092,,-0.04327543880319941
2093,,-0.04327543880319941
2094,,-0.04293379060212152
2095,,-0.04293379060212152
2096,,-0.04259214240104362
2097,,-0.04259214240104362
2098,,-0.0421366114662731
2099,,-0.0421366114662731
2100,,-0.04179496326519521
2101,,-0.04179496326519521
2102,,-0.04133943233042469
2103,,-0.04133943233042469
2104,,-0.040883901395654176
2105,,-0.040883901395654176
2106,,-0.040200604993498396
2107,,-0.040200604993498396
2108,,-0.039631191325035245
2109,,-0.039631191325035245
2110,,-0.038947894922879464
2111,,-0.038947894922879464
2112,,-0.03826459852072368
2113,,-0.03826459852072368
2114,,-0.03746741938487527
2115,,-0.03746741938487527
2116,,-0.03667024024902686
2117,,-0.03667024024902686
2118,,-0.03587306111317846
2119,,-0.03587306111317846
2120,,-0.035075881977330046
2121,,-0.035075881977330046
2122,,-0.034164820107789005
2123,,-0.034164820107789005
2124,,-0.033367640971940594
2125,,-0.033367640971940594
2126,,-0.03245657910239955
2127,,-0.03245657910239955
2128,,-0.03177328270024377
2129,,-0.03177328270024377
2130,,-0.03086222083070273
2131,,-0.03086222083070273
2132,,-0.030065041694854324
2133,,-0.030065041694854324
2134,,-0.029153979825313283
2135,,-0.029153979825313283
2136,,-0.028242917955772242
2137,,-0.028242917955772242
2138,,-0.0273318560862312
2139,,-0.0273318560862312
2140,,-0.026420794216690163
2141,,-0.026420794216690163
2142,,-0.025623615080841752
2143,,-0.025623615080841752
2144,,-0.02471255321130071
2145,,-0.02471255321130071
2146,,-0.02380149134175967
2147,,-0.02380149134175967
2148,,-0.023004312205911263
2149,,-0.023004312205911263
2150,,-0.022207133070062852
2151,,-0.022207133070062852
2152,,-0.02129607120052181
2153,,-0.02129607120052181
2154,,-0.020498892064673403
2155,,-0.020498892064673403
2156,,-0.019701712928824992
2157,,-0.019701712928824992
2158,,-0.01901841652666921
2159,,-0.01901841652666921
2160,,-0.0182212373908208
2161,,-0.0182212373908208
2162,,-0.017537940988665023
2163,,-0.017537940988665023
2164,,-0.016854644586509242
2165,,-0.016854644586509242
2166,,-0.016285230918046092
2167,,-0.016285230918046092
2168,,-0.015601934515890313
2169,,-0.015601934515890313
2170,,-0.015032520847427162
2171,,-0.015032520847427162
2172,,-0.014463107178964011
2173,,-0.014463107178964011
2174,,-0.01400757624419349
2175,,-0.01400757624419349
2176,,-0.013438162575730342
2177,,-0.013438162575730342
2178,,-0.012982631640959821
2179,,-0.012982631640959821
2180,,-0.01241321797249667
2181,,-0.01241321797249667
2182,,-0.011957687037726152
2183,,-0.011957687037726152
2184,,-0.011388273369263003
2185,,-0.011388273369263003
2186,,-0.010932742434492482
2187,,-0.010932742434492482
2188,,-0.010477211499721962
2189,,-0.010477211499721962
2190,,-0.009907797831258811
2191,,-0.009907797831258811
2192,,-0.00945226689648829
2193,,-0.00945226689648829
2194,,-0.008768970494332512
2195,,-0.008768970494332512
2196,,-0.008199556825869361
2197,,-0.008199556825869361
2198,,-0.007516260423713581
2199,,-0.007516260423713581
2200,,-0.0068329640215578
2201,,-0.0068329640215578
2202,,-0.00614966761940202
2203,,-0.00614966761940202
2204,,-0.005466371217246241
2205,,-0.005466371217246241
2206,,-0.00478307481509046
2207,,-0.00478307481509046
2208,,-0.00398589567924205
2209,,-0.00398589567924205
2210,,-0.00307483380970101
2211,,-0.00307483380970101
2212,,-0.0022776546738526
2213,,-0.0022776546738526
2214,,-0.0013665928043115603
2215,,-0.0013665928043115603
2216,,-0.00045553093477052005
2217,,-0.00045553093477052005
2218,,0.00045553093477052005
2219,,0.00045553093477052005
2220,,0.00148047553800419
2221,,0.00148047553800419
2222,,0.0026193028749304905
2223,,0.0026193028749304905
2224,,0.0036442474781641604
2225,,0.0036442474781641604
2226,,0.0048969575487830905
2227,,0.0048969575487830905
2228,,0.006035784885709391
2229,,0.006035784885709391
2230,,0.00740237769002095
2231,,0.00740237769002095
2232,,0.008655087760639881
2233,,0.008655087760639881
2234,,0.010021680564951441
2235,,0.010021680564951441
2236,,0.011388273369263003
2237,,0.011388273369263003
2238,,0.012868748907267191
2239,,0.012868748907267191
2240,,0.014235341711578751
2241,,0.014235341711578751
2242,,0.015601934515890313
2243,,0.015601934515890313
2244,,0.016968527320201873
2245,,0.016968527320201873
2246,,0.01833512012451343
2247,,0.01833512012451343
2248,,0.019701712928824992
2249,,0.019701712928824992
2250,,0.02106830573313655
2251,,0.02106830573313655
2252,,0.022434898537448112
2253,,0.022434898537448112
2254,,0.02368760860806704
2255,,0.02368760860806704
2256,,0.02482643594499334
2257,,0.02482643594499334
2258,,0.025965263281919643
2259,,0.025965263281919643
2260,,0.026876325151460684
2261,,0.026876325151460684
2262,,0.027673504287309095
2263,,0.027673504287309095
2264,,0.028356800689464872
2265,,0.028356800689464872
2266,,0.028812331624235396
2267,,0.028812331624235396
2268,,0.029153979825313283
2269,,0.029153979825313283
2270,,0.029267862559005913
2271,,0.029267862559005913
2272,,0.029153979825313283
2273,,0.029153979825313283
2274,,0.028926214357928023
2275,,0.028926214357928023
2276,,0.028698448890542766
2277,,0.028698448890542766
2278,,0.028470683423157502
2279,,0.028470683423157502
2280,,0.028356800689464872
2281,,0.028356800689464872
2282,,0.028242917955772242
2283,,0.028242917955772242
2284,,0.028242917955772242
2285,,0.028242917955772242
2286,,0.028242917955772242
2287,,0.028242917955772242
2288,,0.028242917955772242
2289,,0.028242917955772242
2290,,0.028129035222079612
2291,,0.028129035222079612
2292,,0.028129035222079612
2293,,0.028129035222079612
2294,,0.02801515248838698
2295,,0.02801515248838698
2296,,0.02801515248838698
2297,,0.02801515248838698
2298,,0.027901269754694355
2299,,0.027901269754694355
2300,,0.027787387021001725
2301,,0.027787387021001725
2302,,0.027673504287309095
2303,,0.027673504287309095
2304,,0.027559621553616465
2305,,0.027559621553616465
2306,,0.0273318560862312
2307,,0.0273318560862312
2308,,0.026990207885153314
2309,,0.026990207885153314
2310,,0.026648559684075424
2311,,0.026648559684075424
2312,,0.026306911482997533
2313,,0.026306911482997533
2314,,0.025851380548227013
2315,,0.025851380548227013
2316,,0.025281966879763865
2317,,0.025281966879763865
2318,,0.02471255321130071
2319,,0.02471255321130071
2320,,0.024257022276530194
2321,,0.024257022276530194
2322,,0.023915374075452304
2323,,0.023915374075452304
2324,,0.023459843140681783
2325,,0.023459843140681783
2326,,0.022890429472218633
2327,,0.022890429472218633
2328,,0.022548781271140742
2329,,0.022548781271140742
2330,,0.02209325033637022
2331,,0.02209325033637022
2332,,0.021637719401599705
2333,,0.021637719401599705
2334,,0.02118218846682918
2335,,0.02118218846682918
2336,,0.020612774798366033
2337,,0.020612774798366033
2338,,0.020043361129902883
2339,,0.020043361129902883
2340,,0.019473947461439732
2341,,0.019473947461439732
2342,,0.01879065105928395
2343,,0.01879065105928395
2344,,0.0182212373908208
2345,,0.0182212373908208
2346,,0.01765182372235765
2347,,0.01765182372235765
2348,,0.017082410053894503
2349,,0.017082410053894503
2350,,0.016512996385431352
2351,,0.016512996385431352
2352,,0.01605746545066083
2353,,0.01605746545066083
2354,,0.015601934515890313
2355,,0.015601934515890313
2356,,0.015146403581119792
2357,,0.015146403581119792
2358,,0.014690872646349272
2359,,0.014690872646349272
2360,,0.014235341711578751
2361,,0.014235341711578751
2362,,0.013779810776808232
2363,,0.013779810776808232
2364,,0.013324279842037712
2365,,0.013324279842037712
2366,,0.012982631640959821
2367,,0.012982631640959821
2368,,0.0125271007061893
2369,,0.0125271007061893
2370,,0.012185452505111412
2371,,0.012185452505111412
2372,,0.01184380430403352
2373,,0.01184380430403352
2374,,0.011502156102955631
2375,,0.011502156102955631
2376,,0.01104662516818511
2377,,0.01104662516818511
2378,,0.01070497696710722
2379,,0.01070497696710722
2380,,0.010249446032336702
2381,,0.010249446032336702
2382,,0.009793915097566181
2383,,0.009793915097566181
2384,,0.00933838416279566
2385,,0.00933838416279566
2386,,0.00888285322802514
2387,,0.00888285322802514
2388,,0.008427322293254621
2389,,0.008427322293254621
2390,,0.0079717913584841
2391,,0.0079717913584841
2392,,0.00763014315740621
2393,,0.00763014315740621
2394,,0.007288494956328321
2395,,0.007288494956328321
2396,,0.0068329640215578
2397,,0.0068329640215578
2398,,0.006491315820479911
2399,,0.006491315820479911
2400,,0.00614966761940202
2401,,0.00614966761940202
2402,,0.005808019418324131
2403,,0.005808019418324131
2404,,0.0055802539509388705
2405,,0.0055802539509388705
2406,,0.005238605749860981
2407,,0.005238605749860981
2408,,0.005010840282475721
2409,,0.005010840282475721
2410,,0.00466919208139783
2411,,0.00466919208139783
2412,,0.00444142661401257
2413,,0.00444142661401257
2414,,0.0040997784129346805
2415,,0.0040997784129346805
2416,,0.0038720129455494206
2417,,0.0038720129455494206
2418,,0.0035303647444715302
2419,,0.0035303647444715302
2420,,0.0031887165433936403
2421,,0.0031887165433936403
2422,,0.0028470683423157507
2423,,0.0028470683423157507
2424,,0.0026193028749304905
2425,,0.0026193028749304905
2426,,0.0022776546738526
2427,,0.0022776546738526
2428,,0.0020498892064673402
2429,,0.0020498892064673402
2430,,0.00170824100538945
2431,,0.00170824100538945
2432,,0.00148047553800419
2433,,0.00148047553800419
2434,,0.0011388273369263
2435,,0.0011388273369263
2436,,0.0007971791358484101
2437,,0.0007971791358484101
2438,,0.00045553093477052005
2439,,0.00045553093477052005
2440,,0.00011388273369263001
2441,,0.00011388273369263001
2442,,-0.00022776546738526002
2443,,-0.00022776546738526002
2444,,-0.00056941366846315
2445,,-0.00056941366846315
2446,,-0.0009110618695410401
2447,,-0.0009110618695410401
2448,,-0.0012527100706189302
2449,,-0.0012527100706189302
2450,,-0.0015943582716968201
2451,,-0.0015943582716968201
2452,,-0.0020498892064673402
2453,,-0.0020498892064673402
2454,,-0.0025054201412378603
2455,,-0.0025054201412378603
2456,,-0.00296095107600838
2457,,-0.00296095107600838
2458,,-0.0035303647444715302
2459,,-0.0035303647444715302
2460,,-0.00398589567924205
2461,,-0.00398589567924205
2462,,-0.00444142661401257
2463,,-0.00444142661401257
2464,,-0.005010840282475721
2465,,-0.005010840282475721
2466,,-0.005466371217246241
2467,,-0.005466371217246241
2468,,-0.00592190215201676
2469,,-0.00592190215201676
2470,,-0.0063774330867872805
2471,,-0.0063774330867872805
2472,,-0.006946846755250431
2473,,-0.006946846755250431
2474,,-0.007516260423713581
2475,,-0.007516260423713581
2476,,-0.00808567409217673
2477,,-0.00808567409217673
2478,,-0.008655087760639881
2479,,-0.008655087760639881
2480,,-0.009224501429103032
2481,,-0.009224501429103032
2482,,-0.009907797831258811
2483,,-0.009907797831258811
2484,,-0.010477211499721962
2485,,-0.010477211499721962
2486,,-0.011160507901877741
2487,,-0.011160507901877741
2488,,-0.01184380430403352
2489,,-0.01184380430403352
2490,,-0.01241321797249667
2491,,-0.01241321797249667
2492,,-0.012982631640959821
2493,,-0.012982631640959821
2494,,-0.01355204530942297
2495,,-0.01355204530942297
2496,,-0.014121458977886121
2497,,-0.014121458977886121
2498,,-0.014690872646349272
2499,,-0.014690872646349272
2500,,-0.01526028631481242
2501,,-0.01526028631481242
2502,,-0.01582969998327557
2503,,-0.01582969998327557
2504,,-0.016285230918046092
2505,,-0.016285230918046092
2506,,-0.016854644586509242
2507,,-0.016854644586509242
2508,,-0.017310175521279763
2509,,-0.017310175521279763
2510,,-0.01765182372235765
2511,,-0.01765182372235765
2512,,-0.01810735465712817
2513,,-0.01810735465712817
2514,,-0.01833512012451343
2515,,-0.01833512012451343
2516,,-0.01856288559189869
2517,,-0.01856288559189869
2518,,-0.01867676832559132
2519,,-0.01867676832559132
2520,,-0.01879065105928395
2521,,-0.01879065105928395
2522,,-0.01890453379297658
2523,,-0.01890453379297658
2524,,-0.01901841652666921
2525,,-0.01901841652666921
2526,,-0.01913229926036184
2527,,-0.01913229926036184
2528,,-0.019246181994054472
2529,,-0.019246181994054472
2530,,-0.019360064727747102
2531,,-0.019360064727747102
2532,,-0.019473947461439732
2533,,-0.019473947461439732
2534,,-0.019587830195132362
2535,,-0.019587830195132362
2536,,-0.019587830195132362
2537,,-0.019587830195132362
2538,,-0.019587830195132362
2539,,-0.019587830195132362
2540,,-0.019587830195132362
2541,,-0.019587830195132362
2542,,-0.019587830195132362
2543,,-0.019587830195132362
2544,,-0.019587830195132362
2545,,-0.019587830195132362
2546,,-0.019587830195132362
2547,,-0.019587830195132362
2548,,-0.019587830195132362
2549,,-0.019587830195132362
2550,,-0.019587830195132362
2551,,-0.019587830195132362
2552,,-0.019587830195132362
2553,,-0.019587830195132362
2554,,-0.019587830195132362
2555,,-0.019587830195132362
2556,,-0.019587830195132362
2557,,-0.019587830195132362
2558,,-0.019587830195132362
2559,,-0.019587830195132362
2560,,-0.019587830195132362
2561,,-0.019587830195132362
2562,,-0.019587830195132362
2563,,-0.019587830195132362
2564,,-0.019587830195132362
2565,,-0.019587830195132362
2566,,-0.019587830195132362
2567,,-0.019587830195132362
2568,,-0.019587830195132362
2569,,-0.019587830195132362
2570,,-0.019587830195132362
2571,,-0.019587830195132362
2572,,-0.019587830195132362
2573,,-0.019587830195132362
2574,,-0.019587830195132362
2575,,-0.019587830195132362
2576,,-0.019587830195132362
2577,,-0.019587830195132362
2578,,-0.019587830195132362
2579,,-0.019587830195132362
2580,,-0.019587830195132362
2581,,-0.019587830195132362
2582,,-0.019587830195132362
2583,,-0.019587830195132362
2584,,-0.019587830195132362
2585,,-0.019587830195132362
2586,,-0.019587830195132362
2587,,-0.019587830195132362
2588,,-0.019587830195132362
2589,,-0.019587830195132362
2590,,-0.019587830195132362
2591,,-0.019587830195132362
2592,,-0.019587830195132362
2593,,-0.019587830195132362
2594,,-0.019587830195132362
2595,,-0.019587830195132362
2596,,-0.019587830195132362
2597,,-0.019587830195132362
2598,,-0.019587830195132362
2599,,-0.019587830195132362
2600,,-0.019587830195132362
2601,,-0.019587830195132362
2602,,-0.019587830195132362
2603,,-0.019587830195132362
2604,,-0.019587830195132362
2605,,-0.019587830195132362
2606,,-0.019473947461439732
2607,,-0.019473947461439732
2608,,-0.019360064727747102
2609,,-0.019360064727747102
2610,,-0.01913229926036184
2611,,-0.01913229926036184
2612,,-0.01901841652666921
2613,,-0.01901841652666921
2614,,-0.01867676832559132
2615,,-0.01867676832559132
2616,,-0.01856288559189869
2617,,-0.01856288559189869
2618,,-0.01833512012451343
2619,,-0.01833512012451343
2620,,-0.01810735465712817
2621,,-0.01810735465712817
2622,,-0.017879589189742914
2623,,-0.017879589189742914
2624,,-0.01776570645605028
2625,,-0.01776570645605028
2626,,-0.017537940988665023
2627,,-0.017537940988665023
2628,,-0.017424058254972393
2629,,-0.017424058254972393
2630,,-0.017310175521279763
2631,,-0.017310175521279763
2632,,-0.017310175521279763
2633,,-0.017310175521279763
2634,,-0.017310175521279763
2635,,-0.017310175521279763
2636,,-0.017310175521279763
2637,,-0.017310175521279763
2638,,-0.017310175521279763
2639,,-0.017310175521279763
2640,,-0.017310175521279763
2641,,-0.017310175521279763
2642,,-0.017310175521279763
2643,,-0.017310175521279763
2644,,-0.017310175521279763
2645,,-0.017310175521279763
2646,,-0.017310175521279763
2647,,-0.017310175521279763
2648,,-0.017310175521279763
2649,,-0.017310175521279763
2650,,-0.017310175521279763
2651,,-0.017310175521279763
2652,,-0.017310175521279763
2653,,-0.017310175521279763
2654,,-0.017310175521279763
2655,,-0.017310175521279763
2656,,-0.017310175521279763
2657,,-0.017310175521279763
2658,,-0.017424058254972393
2659,,-0.017424058254972393
2660,,-0.01765182372235765
2661,,-0.01765182372235765
2662,,-0.017879589189742914
2663,,-0.017879589189742914
2664,,-0.0182212373908208
2665,,-0.0182212373908208
2666,,-0.01856288559189869
2667,,-0.01856288559189869
2668,,-0.01913229926036184
2669,,-0.01913229926036184
2670,,-0.019587830195132362
2671,,-0.019587830195132362
2672,,-0.020043361129902883
2673,,-0.020043361129902883
